,0,1,2,3,4,5
0,853,58 WPM,94.2%,27,4/5,"March 11, 2020"
1,852,87 WPM,98.9%,41,3/5,"March 11, 2020"
2,851,74 WPM,95.3%,30,1/5,"March 11, 2020"
3,850,74 WPM,95.7%,63,4/5,"March 11, 2020"
4,849,72 WPM,95.8%,65,2/4,"March 11, 2020"
5,848,73 WPM,96.0%,63,3/5,"March 11, 2020"
6,847,78 WPM,96.4%,64,3/5,"March 11, 2020"
7,846,73 WPM,96.6%,53,3/4,"March 11, 2020"
8,845,78 WPM,94.9%,59,3/5,"March 11, 2020"
9,844,88 WPM,97.0%,43,1/5,"March 11, 2020"
10,843,67 WPM,94.5%,67,1/2,"March 11, 2020"
11,842,72 WPM,96.6%,54,1/4,"March 11, 2020"
12,841,68 WPM,95.5%,54,2/5,"March 11, 2020"
13,840,67 WPM,95.7%,55,2/4,"March 11, 2020"
14,839,74 WPM,95.7%,93,2/3,"Aug. 30, 2019"
15,838,84 WPM,97.6%,103,4/5,"Aug. 30, 2019"
16,837,72 WPM,95.0%,47,5/5,"Aug. 30, 2019"
17,836,65 WPM,94.9%,43,4/4,"Aug. 30, 2019"
18,835,83 WPM,96.8%,135,2/2,"Aug. 26, 2019"
19,834,87 WPM,96.5%,95,2/2,"Aug. 26, 2019"
20,833,69 WPM,94.6%,56,2/2,"Aug. 26, 2019"
21,832,74 WPM,95.9%,88,3/4,"Aug. 22, 2019"
22,831,70 WPM,95.2%,114,3/4,"Aug. 22, 2019"
23,830,71 WPM,95.0%,79,3/4,"Aug. 22, 2019"
24,829,50 WPM,96.2%,41,3/2,"Aug. 22, 2019"
25,828,77 WPM,95.5%,59,3/5,"Feb. 7, 2019"
26,827,64 WPM,94.7%,93,1/3,"Jan. 31, 2019"
27,826,62 WPM,95.5%,54,1/5,"Nov. 8, 2018"
28,825,73 WPM,96.2%,66,3/4,"Nov. 8, 2018"
29,824,76 WPM,96.6%,41,1/5,"Nov. 8, 2018"
30,823,77 WPM,97.1%,41,2/5,"Nov. 8, 2018"
31,822,85 WPM,97.0%,64,1/5,"Nov. 8, 2018"
32,821,75 WPM,95.9%,71,5/5,"Nov. 7, 2018"
33,820,72 WPM,95.6%,90,5/5,"Nov. 7, 2018"
34,819,70 WPM,96.3%,75,2/5,"Nov. 2, 2018"
35,818,77 WPM,96.7%,49,3/5,"Nov. 2, 2018"
36,817,57 WPM,94.9%,83,2/5,"Nov. 2, 2018"
37,816,80 WPM,96.4%,71,2/5,"Nov. 2, 2018"
38,815,68 WPM,95.4%,82,1/4,"Nov. 2, 2018"
39,814,70 WPM,93.5%,48,4/5,"Nov. 2, 2018"
40,813,64 WPM,96.1%,81,4/5,"Nov. 2, 2018"
41,812,76 WPM,96.0%,121,1/5,"Nov. 2, 2018"
42,811,73 WPM,97.0%,50,3/5,"Nov. 2, 2018"
43,810,63 WPM,95.4%,63,3/5,"Nov. 1, 2018"
44,809,64 WPM,95.8%,112,4/5,"Nov. 1, 2018"
45,808,62 WPM,95.6%,55,2/2,"Oct. 29, 2018"
46,807,73 WPM,96.4%,59,2/5,"Oct. 25, 2018"
47,806,82 WPM,98.2%,102,1/3,"Oct. 25, 2018"
48,805,69 WPM,96.6%,64,3/4,"Oct. 25, 2018"
49,804,77 WPM,95.3%,81,3/5,"Oct. 25, 2018"
50,803,65 WPM,94.4%,82,2/5,"Oct. 24, 2018"
51,802,70 WPM,94.3%,37,3/3,"Oct. 24, 2018"
52,801,66 WPM,96.4%,44,3/4,"Oct. 24, 2018"
53,800,84 WPM,96.6%,46,2/5,"Oct. 24, 2018"
54,799,79 WPM,96.6%,53,3/5,"Oct. 24, 2018"
55,798,71 WPM,96.7%,62,1/4,"Oct. 24, 2018"
56,797,72 WPM,96.0%,50,4/5,"Oct. 24, 2018"
57,796,74 WPM,95.5%,38,2/5,"Oct. 24, 2018"
58,795,72 WPM,97.1%,63,4/5,"Oct. 24, 2018"
59,794,76 WPM,96.8%,75,1/5,"Oct. 24, 2018"
60,793,89 WPM,98.5%,97,1/3,"Oct. 24, 2018"
61,792,76 WPM,96.7%,107,1/4,"Oct. 24, 2018"
62,791,70 WPM,96.2%,89,1/4,"Oct. 24, 2018"
63,790,66 WPM,95.2%,50,3/4,"Oct. 24, 2018"
64,789,87 WPM,97.7%,45,2/5,"Oct. 24, 2018"
65,788,75 WPM,97.2%,76,3/5,"Oct. 24, 2018"
66,787,67 WPM,96.6%,35,1/5,"Oct. 24, 2018"
67,786,71 WPM,96.6%,80,4/5,"Oct. 19, 2018"
68,785,69 WPM,95.8%,88,2/4,"Oct. 19, 2018"
69,784,68 WPM,94.9%,47,1/4,"Oct. 19, 2018"
70,783,64 WPM,94.4%,40,2/5,"Oct. 19, 2018"
71,782,68 WPM,94.6%,40,3/5,"Oct. 19, 2018"
72,781,65 WPM,95.1%,53,4/4,"Oct. 19, 2018"
73,780,84 WPM,98.1%,60,1/3,"Oct. 19, 2018"
74,779,81 WPM,96.2%,73,1/5,"Oct. 19, 2018"
75,778,81 WPM,97.9%,69,1/4,"Oct. 19, 2018"
76,777,57 WPM,92.8%,36,2/4,"Oct. 19, 2018"
77,776,67 WPM,94.7%,69,1/4,"Oct. 19, 2018"
78,775,66 WPM,95.0%,59,2/5,"Oct. 19, 2018"
79,774,70 WPM,97.3%,63,1/3,"Oct. 18, 2018"
80,773,68 WPM,95.6%,100,1/4,"Oct. 18, 2018"
81,772,74 WPM,95.1%,78,1/5,"Oct. 18, 2018"
82,771,73 WPM,97.2%,112,3/5,"Oct. 18, 2018"
83,770,73 WPM,97.0%,63,4/5,"Oct. 18, 2018"
84,769,68 WPM,96.3%,50,3/5,"Oct. 16, 2018"
85,768,63 WPM,95.4%,67,3/5,"Oct. 16, 2018"
86,767,70 WPM,97.0%,54,4/5,"Oct. 16, 2018"
87,766,75 WPM,96.3%,70,2/2,"Oct. 16, 2018"
88,765,64 WPM,94.5%,44,4/5,"Oct. 16, 2018"
89,764,62 WPM,95.3%,32,4/5,"Oct. 16, 2018"
90,763,68 WPM,95.4%,50,2/5,"Oct. 12, 2018"
91,762,76 WPM,95.5%,52,5/5,"Oct. 12, 2018"
92,761,70 WPM,96.4%,78,4/5,"Oct. 12, 2018"
93,760,76 WPM,93.5%,39,1/5,"Oct. 12, 2018"
94,759,68 WPM,95.6%,32,2/5,"Oct. 12, 2018"
95,758,67 WPM,94.8%,76,1/4,"Oct. 12, 2018"
96,757,69 WPM,96.0%,41,4/5,"Oct. 12, 2018"
97,756,63 WPM,95.5%,43,5/5,"Oct. 12, 2018"
98,755,64 WPM,96.4%,65,4/5,"Oct. 12, 2018"
99,754,70 WPM,94.9%,36,1/5,"Oct. 12, 2018"
100,753,66 WPM,95.2%,58,1/4,"Oct. 12, 2018"
101,752,85 WPM,97.6%,44,1/5,"Oct. 12, 2018"
102,751,56 WPM,94.3%,41,4/4,"Oct. 12, 2018"
103,750,69 WPM,96.1%,112,2/3,"Oct. 12, 2018"
104,749,65 WPM,94.5%,51,4/5,"Sept. 7, 2018"
105,748,78 WPM,96.4%,54,1/4,"Sept. 7, 2018"
106,747,79 WPM,96.7%,58,1/5,"Sept. 6, 2018"
107,746,65 WPM,95.9%,105,1/2,"Sept. 6, 2018"
108,745,72 WPM,95.3%,57,3/5,"Sept. 6, 2018"
109,744,56 WPM,95.0%,50,3/3,"Sept. 6, 2018"
110,743,70 WPM,96.7%,76,3/4,"Sept. 6, 2018"
111,742,63 WPM,93.6%,45,2/5,"Sept. 6, 2018"
112,741,73 WPM,96.4%,84,3/5,"Sept. 6, 2018"
113,740,78 WPM,96.5%,38,3/5,"Sept. 6, 2018"
114,739,71 WPM,96.4%,45,2/4,"Sept. 6, 2018"
115,738,75 WPM,97.4%,50,1/5,"Sept. 6, 2018"
116,737,74 WPM,95.0%,38,4/5,"Sept. 6, 2018"
117,736,72 WPM,96.9%,89,2/5,"Sept. 6, 2018"
118,735,69 WPM,97.1%,40,3/4,"Sept. 6, 2018"
119,734,60 WPM,96.3%,38,3/5,"Aug. 7, 2018"
120,733,65 WPM,94.1%,43,4/5,"Aug. 7, 2018"
121,732,65 WPM,94.7%,66,4/5,"Aug. 7, 2018"
122,731,61 WPM,94.3%,30,4/5,"July 30, 2018"
123,730,74 WPM,96.2%,117,4/5,"July 30, 2018"
124,729,78 WPM,96.7%,80,3/4,"July 30, 2018"
125,728,72 WPM,97.4%,49,4/5,"July 30, 2018"
126,727,100 WPM,100.0%,90,1/5,"July 25, 2018"
127,726,76 WPM,99.6%,63,1/5,"July 25, 2018"
128,725,76 WPM,97.2%,133,5/5,"July 25, 2018"
129,724,71 WPM,94.3%,46,2/3,"July 25, 2018"
130,723,77 WPM,97.6%,63,1/5,"May 31, 2018"
131,722,75 WPM,97.0%,79,3/4,"May 31, 2018"
132,721,73 WPM,95.1%,39,3/5,"May 31, 2018"
133,720,79 WPM,96.7%,25,1/5,"May 17, 2018"
134,719,68 WPM,96.2%,60,3/5,"May 17, 2018"
135,718,67 WPM,96.1%,44,3/5,"May 17, 2018"
136,717,60 WPM,97.3%,38,3/4,"May 11, 2018"
137,716,67 WPM,96.2%,71,1/5,"May 11, 2018"
138,715,71 WPM,97.0%,58,3/4,"Oct. 19, 2017"
139,714,68 WPM,91.2%,N/A,2/5,"Nov. 9, 2016"
140,713,61 WPM,91.5%,N/A,1/5,"Nov. 9, 2016"
141,712,65 WPM,89.2%,N/A,1/5,"Nov. 9, 2016"
142,711,63 WPM,91.3%,N/A,1/4,"Nov. 9, 2016"
143,710,70 WPM,94.4%,N/A,4/5,"Nov. 9, 2016"
144,709,65 WPM,92.2%,N/A,1/4,"Nov. 9, 2016"
145,708,50 WPM,89.5%,N/A,5/5,"Nov. 7, 2016"
146,707,69 WPM,91.3%,N/A,1/5,"Nov. 7, 2016"
147,706,57 WPM,88.4%,N/A,2/4,"Nov. 4, 2016"
148,705,60 WPM,92.0%,N/A,1/3,"Nov. 4, 2016"
149,704,64 WPM,90.8%,N/A,1/5,"Nov. 4, 2016"
150,703,52 WPM,88.2%,N/A,2/4,"Nov. 4, 2016"
151,702,63 WPM,89.1%,N/A,1/4,"Nov. 4, 2016"
152,701,64 WPM,89.7%,N/A,2/5,"May 9, 2016"
153,700,59 WPM,83.2%,N/A,1/2,"May 9, 2016"
154,699,73 WPM,91.0%,N/A,1/2,"May 9, 2016"
155,698,65 WPM,89.5%,N/A,1/2,"May 9, 2016"
156,697,69 WPM,90.3%,N/A,1/2,"May 9, 2016"
157,696,56 WPM,88.9%,N/A,4/5,"March 25, 2016"
158,695,68 WPM,92.7%,N/A,2/4,"March 25, 2016"
159,694,52 WPM,87.5%,N/A,3/3,"March 25, 2016"
160,693,59 WPM,90.7%,N/A,3/3,"March 25, 2016"
161,692,51 WPM,89.4%,N/A,2/3,"Nov. 27, 2015"
162,691,53 WPM,88.8%,N/A,4/5,"Nov. 27, 2015"
163,690,70 WPM,94.4%,N/A,2/3,"Nov. 26, 2015"
164,689,59 WPM,91.6%,N/A,1/3,"Nov. 26, 2015"
165,688,60 WPM,93.6%,N/A,1/4,"Nov. 26, 2015"
166,687,64 WPM,91.2%,N/A,1/3,"Nov. 26, 2015"
167,686,62 WPM,92.7%,N/A,3/3,"Nov. 26, 2015"
168,685,70 WPM,95.7%,N/A,2/5,"Nov. 26, 2015"
169,684,66 WPM,90.0%,N/A,1/2,"Nov. 26, 2015"
170,683,55 WPM,93.3%,N/A,1/4,"Nov. 26, 2015"
171,682,67 WPM,94.1%,N/A,2/5,"Nov. 26, 2015"
172,681,58 WPM,89.9%,N/A,3/4,"Nov. 26, 2015"
173,680,60 WPM,93.6%,N/A,3/3,"Nov. 26, 2015"
174,679,53 WPM,87.4%,N/A,2/3,"Nov. 26, 2015"
175,678,71 WPM,93.9%,N/A,2/3,"Nov. 26, 2015"
176,677,57 WPM,89.2%,N/A,1/4,"Nov. 26, 2015"
177,676,59 WPM,92.4%,N/A,1/3,"Nov. 26, 2015"
178,675,65 WPM,92.6%,N/A,1/2,"Nov. 26, 2015"
179,674,56 WPM,86.6%,N/A,1/2,"Nov. 26, 2015"
180,673,67 WPM,91.6%,N/A,1/5,"Nov. 26, 2015"
181,672,60 WPM,91.3%,N/A,1/3,"Nov. 26, 2015"
182,671,53 WPM,88.1%,N/A,3/5,"Nov. 26, 2015"
183,670,68 WPM,93.8%,N/A,1/3,"Nov. 26, 2015"
184,669,72 WPM,93.6%,N/A,2/3,"Nov. 26, 2015"
185,668,52 WPM,89.6%,N/A,2/3,"Nov. 26, 2015"
186,667,55 WPM,90.3%,N/A,3/3,"Nov. 26, 2015"
187,666,53 WPM,86.5%,N/A,3/3,"Nov. 26, 2015"
188,665,56 WPM,88.7%,N/A,4/4,"Nov. 26, 2015"
189,664,63 WPM,93.2%,N/A,1/4,"Nov. 26, 2015"
190,663,61 WPM,88.6%,N/A,4/4,"Nov. 26, 2015"
191,662,63 WPM,90.0%,N/A,1/4,"Nov. 2, 2015"
192,661,62 WPM,84.6%,N/A,3/3,"Nov. 2, 2015"
193,660,60 WPM,89.2%,N/A,2/3,"Nov. 2, 2015"
194,659,60 WPM,88.1%,N/A,4/5,"Nov. 2, 2015"
195,658,59 WPM,89.7%,N/A,3/5,"Nov. 2, 2015"
196,657,59 WPM,88.1%,N/A,2/4,"Nov. 2, 2015"
197,656,67 WPM,87.7%,N/A,2/4,"Nov. 2, 2015"
198,655,54 WPM,84.3%,N/A,4/5,"Nov. 2, 2015"
199,654,70 WPM,92.3%,N/A,3/4,"Nov. 2, 2015"
200,653,54 WPM,89.3%,N/A,2/3,"Nov. 2, 2015"
201,652,60 WPM,83.0%,N/A,2/4,"Nov. 2, 2015"
202,651,70 WPM,92.0%,N/A,2/5,"Nov. 2, 2015"
203,650,68 WPM,92.3%,N/A,1/4,"Nov. 2, 2015"
204,649,61 WPM,88.9%,N/A,2/4,"Nov. 2, 2015"
205,648,50 WPM,83.4%,N/A,2/4,"Nov. 2, 2015"
206,647,68 WPM,93.1%,N/A,1/2,"Nov. 2, 2015"
207,646,57 WPM,88.3%,N/A,4/5,"Nov. 2, 2015"
208,645,59 WPM,87.1%,N/A,3/3,"Nov. 2, 2015"
209,644,65 WPM,91.6%,N/A,2/5,"Nov. 2, 2015"
210,643,60 WPM,87.6%,N/A,4/5,"Oct. 23, 2015"
211,642,52 WPM,86.7%,N/A,2/5,"Oct. 23, 2015"
212,641,67 WPM,90.8%,N/A,1/5,"Oct. 23, 2015"
213,640,57 WPM,90.5%,N/A,2/5,"Oct. 23, 2015"
214,639,49 WPM,87.7%,N/A,3/5,"Oct. 23, 2015"
215,638,62 WPM,90.8%,N/A,2/5,"Oct. 23, 2015"
216,637,55 WPM,87.4%,N/A,5/5,"Oct. 14, 2015"
217,636,48 WPM,87.6%,N/A,3/5,"Oct. 12, 2015"
218,635,61 WPM,92.9%,N/A,2/5,"Oct. 2, 2015"
219,634,64 WPM,93.0%,N/A,4/5,"Sept. 30, 2015"
220,633,53 WPM,83.3%,N/A,4/4,"Aug. 23, 2015"
221,632,58 WPM,87.2%,N/A,2/3,"Aug. 23, 2015"
222,631,68 WPM,92.2%,N/A,2/2,"Aug. 23, 2015"
223,630,56 WPM,88.2%,N/A,2/4,"Aug. 23, 2015"
224,629,60 WPM,88.4%,N/A,5/5,"Aug. 23, 2015"
225,628,64 WPM,89.5%,N/A,2/2,"Aug. 23, 2015"
226,627,56 WPM,91.5%,N/A,3/3,"Aug. 23, 2015"
227,626,52 WPM,87.4%,N/A,2/4,"Aug. 23, 2015"
228,625,58 WPM,86.0%,N/A,5/5,"Aug. 23, 2015"
229,624,61 WPM,89.2%,N/A,3/5,"Aug. 23, 2015"
230,623,61 WPM,91.0%,N/A,4/4,"Aug. 23, 2015"
231,622,50 WPM,83.4%,N/A,2/3,"Aug. 12, 2015"
232,621,61 WPM,89.3%,N/A,4/5,"Aug. 12, 2015"
233,620,53 WPM,82.5%,N/A,5/5,"Aug. 12, 2015"
234,619,60 WPM,88.8%,N/A,5/5,"Aug. 12, 2015"
235,618,56 WPM,85.6%,N/A,5/5,"Aug. 8, 2015"
236,617,58 WPM,89.3%,N/A,2/4,"Aug. 8, 2015"
237,616,56 WPM,89.9%,N/A,1/4,"Aug. 8, 2015"
238,615,60 WPM,90.8%,N/A,2/5,"Aug. 8, 2015"
239,614,57 WPM,88.3%,N/A,4/5,"Aug. 8, 2015"
240,613,49 WPM,84.2%,N/A,4/4,"Aug. 8, 2015"
241,612,66 WPM,89.9%,N/A,3/3,"Aug. 8, 2015"
242,611,63 WPM,89.9%,N/A,1/5,"Aug. 8, 2015"
243,610,57 WPM,86.5%,N/A,3/5,"Aug. 8, 2015"
244,609,58 WPM,87.7%,N/A,2/4,"Aug. 8, 2015"
245,608,64 WPM,91.9%,N/A,1/3,"Aug. 8, 2015"
246,607,58 WPM,88.5%,N/A,4/4,"Aug. 8, 2015"
247,606,62 WPM,92.2%,N/A,2/4,"Aug. 8, 2015"
248,605,58 WPM,89.0%,N/A,3/4,"Aug. 8, 2015"
249,604,56 WPM,80.7%,N/A,4/4,"Aug. 8, 2015"
250,603,58 WPM,86.8%,N/A,4/5,"Aug. 8, 2015"
251,602,62 WPM,87.7%,N/A,3/5,"Aug. 8, 2015"
252,601,59 WPM,87.5%,N/A,4/4,"Aug. 8, 2015"
253,600,72 WPM,92.3%,N/A,1/2,"Aug. 8, 2015"
254,599,58 WPM,87.4%,N/A,3/3,"Aug. 8, 2015"
255,598,54 WPM,85.7%,N/A,4/4,"Aug. 8, 2015"
256,597,57 WPM,85.4%,N/A,2/2,"Aug. 8, 2015"
257,596,61 WPM,90.5%,N/A,2/5,"Aug. 6, 2015"
258,595,66 WPM,87.9%,N/A,1/2,"Aug. 6, 2015"
259,594,45 WPM,84.4%,N/A,3/3,"Aug. 6, 2015"
260,593,57 WPM,88.3%,N/A,1/2,"Aug. 6, 2015"
261,592,64 WPM,88.2%,N/A,4/5,"Aug. 6, 2015"
262,591,60 WPM,87.6%,N/A,2/4,"Aug. 6, 2015"
263,590,58 WPM,87.2%,N/A,3/5,"Aug. 6, 2015"
264,589,63 WPM,89.3%,N/A,1/4,"Aug. 6, 2015"
265,588,53 WPM,82.7%,N/A,4/5,"Aug. 6, 2015"
266,587,60 WPM,87.6%,N/A,2/2,"Aug. 6, 2015"
267,586,58 WPM,88.4%,N/A,3/5,"Aug. 6, 2015"
268,585,62 WPM,87.3%,N/A,2/2,"Aug. 6, 2015"
269,584,58 WPM,85.9%,N/A,1/5,"Aug. 6, 2015"
270,583,67 WPM,91.2%,N/A,3/3,"Aug. 6, 2015"
271,582,58 WPM,85.9%,N/A,4/5,"Aug. 6, 2015"
272,581,52 WPM,80.4%,N/A,1/2,"Aug. 6, 2015"
273,580,65 WPM,89.8%,N/A,1/4,"Aug. 6, 2015"
274,579,53 WPM,85.9%,N/A,2/3,"Aug. 6, 2015"
275,578,58 WPM,85.0%,N/A,1/4,"Aug. 6, 2015"
276,577,55 WPM,85.8%,N/A,5/5,"Aug. 6, 2015"
277,576,57 WPM,88.6%,N/A,3/5,"Aug. 6, 2015"
278,575,59 WPM,88.7%,N/A,3/5,"Aug. 1, 2015"
279,574,56 WPM,85.6%,N/A,3/4,"Aug. 1, 2015"
280,573,56 WPM,83.4%,N/A,4/4,"Aug. 1, 2015"
281,572,56 WPM,87.4%,N/A,2/3,"Aug. 1, 2015"
282,571,59 WPM,89.8%,N/A,2/4,"Aug. 1, 2015"
283,570,54 WPM,87.0%,N/A,1/4,"Aug. 1, 2015"
284,569,58 WPM,90.6%,N/A,2/3,"Aug. 1, 2015"
285,568,63 WPM,90.5%,N/A,2/3,"Aug. 1, 2015"
286,567,52 WPM,83.1%,N/A,1/2,"Aug. 1, 2015"
287,566,49 WPM,81.8%,N/A,2/3,"Aug. 1, 2015"
288,565,62 WPM,88.5%,N/A,1/5,"Aug. 1, 2015"
289,564,63 WPM,87.9%,N/A,4/5,"Aug. 1, 2015"
290,563,58 WPM,87.5%,N/A,2/4,"Aug. 1, 2015"
291,562,60 WPM,87.7%,N/A,1/2,"Aug. 1, 2015"
292,561,59 WPM,86.5%,N/A,1/4,"Aug. 1, 2015"
293,560,56 WPM,90.3%,N/A,1/4,"Aug. 1, 2015"
294,559,58 WPM,87.9%,N/A,1/4,"Aug. 1, 2015"
295,558,62 WPM,90.8%,N/A,2/4,"July 30, 2015"
296,557,58 WPM,86.4%,N/A,1/3,"July 30, 2015"
297,556,54 WPM,84.9%,N/A,1/3,"July 30, 2015"
298,555,51 WPM,85.2%,N/A,2/4,"July 30, 2015"
299,554,56 WPM,85.4%,N/A,3/3,"July 30, 2015"
300,553,51 WPM,84.9%,N/A,2/5,"July 30, 2015"
301,552,50 WPM,85.1%,N/A,2/5,"July 30, 2015"
302,551,60 WPM,87.6%,N/A,4/4,"July 30, 2015"
303,550,54 WPM,86.2%,N/A,1/3,"July 30, 2015"
304,549,54 WPM,88.2%,N/A,1/4,"July 30, 2015"
305,548,48 WPM,81.9%,N/A,2/2,"July 30, 2015"
306,547,58 WPM,87.7%,N/A,1/5,"July 30, 2015"
307,546,62 WPM,87.6%,N/A,2/2,"July 30, 2015"
308,545,59 WPM,87.5%,N/A,3/3,"July 30, 2015"
309,544,52 WPM,86.4%,N/A,4/5,"July 30, 2015"
310,543,68 WPM,93.4%,N/A,4/5,"July 30, 2015"
311,542,56 WPM,84.3%,N/A,4/5,"July 30, 2015"
312,541,56 WPM,86.2%,N/A,2/2,"July 30, 2015"
313,540,61 WPM,89.7%,N/A,4/5,"July 30, 2015"
314,539,49 WPM,85.9%,N/A,4/5,"July 17, 2015"
315,538,57 WPM,87.7%,N/A,3/4,"July 17, 2015"
316,537,55 WPM,90.0%,N/A,3/5,"July 17, 2015"
317,536,45 WPM,88.1%,N/A,3/5,"July 17, 2015"
318,535,57 WPM,89.5%,N/A,4/5,"July 17, 2015"
319,534,51 WPM,86.8%,N/A,2/4,"July 17, 2015"
320,533,58 WPM,91.2%,N/A,1/3,"July 17, 2015"
321,532,50 WPM,81.3%,N/A,5/5,"July 16, 2015"
322,531,56 WPM,88.0%,N/A,2/4,"July 16, 2015"
323,530,57 WPM,88.2%,N/A,4/5,"July 16, 2015"
324,529,59 WPM,87.8%,N/A,4/4,"July 16, 2015"
325,528,52 WPM,90.0%,N/A,2/5,"July 16, 2015"
326,527,56 WPM,91.3%,N/A,2/4,"July 16, 2015"
327,526,59 WPM,89.6%,N/A,1/4,"July 16, 2015"
328,525,56 WPM,87.9%,N/A,3/5,"July 16, 2015"
329,524,51 WPM,84.6%,N/A,3/3,"July 15, 2015"
330,523,53 WPM,86.7%,N/A,2/2,"July 15, 2015"
331,522,62 WPM,88.0%,N/A,2/4,"July 15, 2015"
332,521,62 WPM,88.5%,N/A,2/3,"July 15, 2015"
333,520,50 WPM,79.7%,N/A,2/4,"July 15, 2015"
334,519,55 WPM,85.4%,N/A,1/4,"July 15, 2015"
335,518,63 WPM,87.2%,N/A,1/3,"July 15, 2015"
336,517,48 WPM,85.6%,N/A,2/2,"July 15, 2015"
337,516,57 WPM,87.2%,N/A,1/4,"July 10, 2015"
338,515,54 WPM,84.2%,N/A,4/5,"July 10, 2015"
339,514,58 WPM,87.8%,N/A,3/5,"July 10, 2015"
340,513,52 WPM,85.3%,N/A,1/2,"July 10, 2015"
341,512,51 WPM,88.2%,N/A,3/5,"July 10, 2015"
342,511,51 WPM,85.3%,N/A,2/3,"July 10, 2015"
343,510,47 WPM,80.9%,N/A,3/4,"June 30, 2015"
344,509,50 WPM,82.2%,N/A,5/5,"June 30, 2015"
345,508,53 WPM,84.2%,N/A,3/4,"June 30, 2015"
346,507,48 WPM,79.7%,N/A,1/3,"June 24, 2015"
347,506,46 WPM,79.3%,N/A,2/3,"June 24, 2015"
348,505,52 WPM,83.0%,N/A,3/4,"June 24, 2015"
349,504,54 WPM,84.3%,N/A,1/5,"June 24, 2015"
350,503,68 WPM,90.3%,N/A,1/5,"June 24, 2015"
351,502,49 WPM,80.8%,N/A,3/4,"June 24, 2015"
352,501,66 WPM,89.3%,N/A,1/3,"June 24, 2015"
353,500,43 WPM,78.2%,N/A,3/4,"June 24, 2015"
354,499,52 WPM,83.7%,N/A,3/5,"June 24, 2015"
355,498,54 WPM,84.2%,N/A,1/2,"June 24, 2015"
356,497,49 WPM,80.1%,N/A,4/4,"June 24, 2015"
357,496,49 WPM,85.7%,N/A,2/4,"June 24, 2015"
358,495,48 WPM,81.9%,N/A,5/5,"June 24, 2015"
359,494,43 WPM,78.7%,N/A,2/3,"June 24, 2015"
360,493,57 WPM,87.6%,N/A,1/3,"June 24, 2015"
361,492,59 WPM,86.8%,N/A,1/3,"June 24, 2015"
362,491,55 WPM,82.7%,N/A,5/5,"June 22, 2015"
363,490,53 WPM,86.8%,N/A,4/5,"June 22, 2015"
364,489,46 WPM,80.1%,N/A,1/2,"June 22, 2015"
365,488,57 WPM,86.2%,N/A,3/5,"June 22, 2015"
366,487,49 WPM,81.4%,N/A,3/3,"June 22, 2015"
367,486,53 WPM,84.4%,N/A,1/4,"June 22, 2015"
368,485,49 WPM,81.4%,N/A,1/2,"June 22, 2015"
369,484,62 WPM,89.7%,N/A,4/5,"June 22, 2015"
370,483,50 WPM,84.2%,N/A,2/3,"June 22, 2015"
371,482,50 WPM,84.3%,N/A,4/4,"June 22, 2015"
372,481,61 WPM,88.7%,N/A,2/3,"June 22, 2015"
373,480,47 WPM,79.7%,N/A,4/5,"June 22, 2015"
374,479,56 WPM,88.3%,N/A,2/4,"June 22, 2015"
375,478,59 WPM,85.9%,N/A,2/4,"June 22, 2015"
376,477,56 WPM,87.4%,N/A,3/4,"June 22, 2015"
377,476,58 WPM,87.7%,N/A,4/5,"June 18, 2015"
378,475,40 WPM,77.0%,N/A,2/4,"June 18, 2015"
379,474,55 WPM,85.3%,N/A,3/3,"June 18, 2015"
380,473,58 WPM,86.6%,N/A,1/3,"June 18, 2015"
381,472,59 WPM,88.0%,N/A,2/4,"June 18, 2015"
382,471,59 WPM,88.6%,N/A,1/3,"June 18, 2015"
383,470,58 WPM,89.2%,N/A,3/4,"June 18, 2015"
384,469,61 WPM,88.3%,N/A,2/3,"June 18, 2015"
385,468,48 WPM,84.5%,N/A,3/3,"June 18, 2015"
386,467,53 WPM,84.4%,N/A,2/3,"June 17, 2015"
387,466,54 WPM,84.1%,N/A,3/4,"June 17, 2015"
388,465,58 WPM,86.6%,N/A,1/2,"June 17, 2015"
389,464,55 WPM,86.4%,N/A,2/4,"June 17, 2015"
390,463,53 WPM,82.7%,N/A,5/5,"June 17, 2015"
391,462,56 WPM,86.8%,N/A,2/3,"June 17, 2015"
392,461,51 WPM,82.9%,N/A,4/5,"June 17, 2015"
393,460,56 WPM,84.3%,N/A,2/3,"June 17, 2015"
394,459,51 WPM,83.8%,N/A,1/2,"June 17, 2015"
395,458,58 WPM,87.5%,N/A,4/5,"June 17, 2015"
396,457,54 WPM,85.3%,N/A,4/5,"June 17, 2015"
397,456,54 WPM,86.4%,N/A,3/5,"June 17, 2015"
398,455,59 WPM,84.9%,N/A,3/5,"June 17, 2015"
399,454,58 WPM,86.7%,N/A,2/4,"June 17, 2015"
400,453,60 WPM,86.3%,N/A,3/5,"June 12, 2015"
401,452,54 WPM,85.5%,N/A,2/5,"June 12, 2015"
402,451,58 WPM,88.0%,N/A,4/4,"June 12, 2015"
403,450,43 WPM,77.2%,N/A,4/4,"June 12, 2015"
404,449,48 WPM,81.7%,N/A,4/4,"June 12, 2015"
405,448,44 WPM,82.7%,N/A,1/5,"June 12, 2015"
406,447,69 WPM,89.7%,N/A,3/5,"June 12, 2015"
407,446,54 WPM,86.8%,N/A,1/5,"June 12, 2015"
408,445,50 WPM,84.4%,N/A,2/4,"June 12, 2015"
409,444,61 WPM,88.2%,N/A,2/4,"June 12, 2015"
410,443,55 WPM,85.0%,N/A,3/5,"June 12, 2015"
411,442,51 WPM,85.3%,N/A,1/4,"June 12, 2015"
412,441,51 WPM,82.9%,N/A,4/5,"June 12, 2015"
413,440,51 WPM,83.2%,N/A,2/5,"June 12, 2015"
414,439,48 WPM,85.3%,N/A,2/4,"June 12, 2015"
415,438,59 WPM,88.2%,N/A,4/4,"June 12, 2015"
416,437,58 WPM,88.4%,N/A,2/5,"June 12, 2015"
417,436,44 WPM,81.9%,N/A,3/5,"June 12, 2015"
418,435,57 WPM,90.6%,N/A,1/4,"June 12, 2015"
419,434,51 WPM,84.8%,N/A,4/4,"June 12, 2015"
420,433,38 WPM,81.3%,N/A,5/5,"June 11, 2015"
421,432,49 WPM,85.8%,N/A,4/5,"June 11, 2015"
422,431,50 WPM,84.5%,N/A,3/5,"June 11, 2015"
423,430,47 WPM,85.1%,N/A,2/5,"June 11, 2015"
424,429,55 WPM,85.9%,N/A,2/5,"June 11, 2015"
425,428,54 WPM,86.8%,N/A,3/5,"June 11, 2015"
426,427,56 WPM,87.3%,N/A,4/5,"June 11, 2015"
427,426,46 WPM,86.0%,N/A,3/5,"June 11, 2015"
428,425,61 WPM,93.0%,N/A,1/4,"June 11, 2015"
429,424,52 WPM,81.9%,N/A,2/3,"June 11, 2015"
430,423,46 WPM,79.1%,N/A,4/5,"June 11, 2015"
431,422,54 WPM,84.0%,N/A,4/5,"June 11, 2015"
432,421,54 WPM,82.6%,N/A,4/5,"June 11, 2015"
433,420,45 WPM,81.2%,N/A,3/5,"June 11, 2015"
434,419,54 WPM,85.8%,N/A,1/3,"June 11, 2015"
435,418,50 WPM,83.7%,N/A,1/3,"June 11, 2015"
436,417,47 WPM,83.4%,N/A,3/3,"June 11, 2015"
437,416,49 WPM,81.8%,N/A,3/5,"June 11, 2015"
438,415,54 WPM,84.4%,N/A,1/5,"June 11, 2015"
439,414,46 WPM,80.0%,N/A,3/3,"June 11, 2015"
440,413,47 WPM,80.4%,N/A,1/3,"June 11, 2015"
441,412,45 WPM,79.9%,N/A,2/3,"June 11, 2015"
442,411,45 WPM,81.5%,N/A,2/4,"June 11, 2015"
443,410,54 WPM,86.1%,N/A,2/2,"June 11, 2015"
444,409,55 WPM,85.5%,N/A,3/4,"June 11, 2015"
445,408,55 WPM,86.9%,N/A,4/5,"June 11, 2015"
446,407,51 WPM,83.2%,N/A,1/4,"June 11, 2015"
447,406,47 WPM,79.4%,N/A,1/3,"June 11, 2015"
448,405,49 WPM,83.8%,N/A,2/4,"June 11, 2015"
449,404,52 WPM,84.2%,N/A,3/5,"June 11, 2015"
450,403,48 WPM,82.5%,N/A,2/4,"June 11, 2015"
451,402,47 WPM,80.5%,N/A,1/5,"June 10, 2015"
452,401,60 WPM,86.3%,N/A,2/5,"June 10, 2015"
453,400,60 WPM,85.9%,N/A,2/3,"June 10, 2015"
454,399,47 WPM,77.5%,N/A,3/3,"June 10, 2015"
455,398,44 WPM,76.7%,N/A,3/3,"June 10, 2015"
456,397,40 WPM,77.4%,N/A,2/3,"June 10, 2015"
457,396,44 WPM,78.4%,N/A,2/4,"June 10, 2015"
458,395,49 WPM,79.2%,N/A,4/5,"June 10, 2015"
459,394,41 WPM,78.2%,N/A,3/3,"June 10, 2015"
460,393,54 WPM,87.6%,N/A,2/3,"June 10, 2015"
461,392,60 WPM,90.2%,N/A,2/3,"June 10, 2015"
462,391,51 WPM,90.0%,N/A,3/4,"June 10, 2015"
463,390,58 WPM,88.1%,N/A,1/2,"June 10, 2015"
464,389,61 WPM,91.1%,N/A,2/3,"June 10, 2015"
465,388,56 WPM,86.2%,N/A,3/5,"June 10, 2015"
466,387,67 WPM,91.6%,N/A,1/2,"June 10, 2015"
467,386,57 WPM,91.1%,N/A,2/4,"June 10, 2015"
468,385,53 WPM,88.3%,N/A,3/5,"June 10, 2015"
469,384,55 WPM,90.0%,N/A,3/5,"June 10, 2015"
470,383,66 WPM,91.6%,N/A,1/5,"June 10, 2015"
471,382,60 WPM,89.6%,N/A,4/5,"June 10, 2015"
472,381,46 WPM,82.2%,N/A,2/3,"June 10, 2015"
473,380,52 WPM,84.5%,N/A,4/5,"June 10, 2015"
474,379,52 WPM,85.0%,N/A,2/3,"June 9, 2015"
475,378,54 WPM,83.9%,N/A,4/5,"June 9, 2015"
476,377,57 WPM,90.0%,N/A,2/4,"June 9, 2015"
477,376,53 WPM,87.0%,N/A,3/5,"June 9, 2015"
478,375,49 WPM,84.6%,N/A,3/5,"June 9, 2015"
479,374,48 WPM,84.7%,N/A,3/3,"June 9, 2015"
480,373,41 WPM,79.9%,N/A,4/4,"June 9, 2015"
481,372,60 WPM,88.8%,N/A,1/5,"June 9, 2015"
482,371,57 WPM,87.3%,N/A,1/4,"June 9, 2015"
483,370,60 WPM,88.2%,N/A,3/5,"June 9, 2015"
484,369,59 WPM,89.5%,N/A,3/4,"June 9, 2015"
485,368,50 WPM,82.4%,N/A,5/5,"June 9, 2015"
486,367,54 WPM,85.7%,N/A,3/4,"June 9, 2015"
487,366,52 WPM,85.0%,N/A,1/4,"June 9, 2015"
488,365,44 WPM,76.6%,N/A,3/3,"June 9, 2015"
489,364,52 WPM,84.2%,N/A,5/5,"June 7, 2015"
490,363,64 WPM,90.5%,N/A,1/3,"June 7, 2015"
491,362,55 WPM,85.2%,N/A,1/3,"June 7, 2015"
492,361,57 WPM,89.4%,N/A,2/3,"June 7, 2015"
493,360,64 WPM,89.3%,N/A,1/3,"June 7, 2015"
494,359,41 WPM,87.2%,N/A,1/3,"June 7, 2015"
495,358,41 WPM,80.9%,N/A,3/3,"June 7, 2015"
496,357,47 WPM,84.9%,N/A,3/3,"June 7, 2015"
497,356,44 WPM,84.3%,N/A,2/5,"June 7, 2015"
498,355,38 WPM,83.8%,N/A,1/2,"June 7, 2015"
499,354,51 WPM,83.0%,N/A,1/2,"June 6, 2015"
500,353,48 WPM,80.3%,N/A,2/4,"June 6, 2015"
501,352,52 WPM,82.1%,N/A,3/3,"June 6, 2015"
502,351,58 WPM,86.7%,N/A,1/2,"June 6, 2015"
503,350,52 WPM,82.8%,N/A,3/4,"June 6, 2015"
504,349,49 WPM,84.7%,N/A,2/3,"June 6, 2015"
505,348,53 WPM,83.9%,N/A,4/5,"June 6, 2015"
506,347,39 WPM,72.4%,N/A,5/5,"June 4, 2015"
507,346,57 WPM,86.6%,N/A,2/5,"June 4, 2015"
508,345,50 WPM,82.3%,N/A,2/3,"June 3, 2015"
509,344,37 WPM,76.0%,N/A,5/5,"June 3, 2015"
510,343,54 WPM,83.2%,N/A,2/3,"June 3, 2015"
511,342,54 WPM,88.1%,N/A,1/5,"June 3, 2015"
512,341,55 WPM,84.1%,N/A,1/3,"June 3, 2015"
513,340,43 WPM,77.7%,N/A,4/4,"June 3, 2015"
514,339,54 WPM,84.4%,N/A,3/5,"June 3, 2015"
515,338,55 WPM,87.4%,N/A,2/5,"June 3, 2015"
516,337,47 WPM,81.7%,N/A,3/5,"June 3, 2015"
517,336,49 WPM,85.5%,N/A,2/3,"June 3, 2015"
518,335,57 WPM,83.7%,N/A,3/4,"May 30, 2015"
519,334,58 WPM,85.7%,N/A,2/5,"May 30, 2015"
520,333,42 WPM,75.4%,N/A,5/5,"May 30, 2015"
521,332,49 WPM,77.9%,N/A,1/2,"May 30, 2015"
522,331,61 WPM,86.9%,N/A,1/2,"May 30, 2015"
523,330,44 WPM,80.6%,N/A,4/4,"May 26, 2015"
524,329,49 WPM,78.6%,N/A,3/3,"May 26, 2015"
525,328,55 WPM,86.3%,N/A,3/5,"May 26, 2015"
526,327,57 WPM,85.1%,N/A,4/4,"May 26, 2015"
527,326,56 WPM,89.8%,N/A,2/5,"May 26, 2015"
528,325,51 WPM,89.2%,N/A,1/2,"May 26, 2015"
529,324,56 WPM,83.9%,N/A,3/5,"May 26, 2015"
530,323,60 WPM,89.1%,N/A,4/5,"May 26, 2015"
531,322,52 WPM,85.5%,N/A,3/3,"May 26, 2015"
532,321,58 WPM,89.6%,N/A,1/2,"May 26, 2015"
533,320,61 WPM,91.4%,N/A,2/4,"May 26, 2015"
534,319,52 WPM,86.2%,N/A,2/3,"May 26, 2015"
535,318,35 WPM,84.3%,N/A,1/2,"May 26, 2015"
536,317,47 WPM,83.7%,N/A,2/5,"May 26, 2015"
537,316,57 WPM,90.4%,N/A,2/5,"May 26, 2015"
538,315,49 WPM,84.0%,N/A,1/4,"May 25, 2015"
539,314,57 WPM,89.8%,N/A,3/5,"May 25, 2015"
540,313,54 WPM,84.0%,N/A,2/3,"May 25, 2015"
541,312,50 WPM,83.0%,N/A,3/5,"May 25, 2015"
542,311,55 WPM,85.8%,N/A,2/3,"May 25, 2015"
543,310,53 WPM,86.0%,N/A,2/5,"May 25, 2015"
544,309,53 WPM,87.3%,N/A,2/5,"May 25, 2015"
545,308,46 WPM,84.5%,N/A,4/5,"May 25, 2015"
546,307,42 WPM,80.7%,N/A,2/3,"May 25, 2015"
547,306,56 WPM,89.7%,N/A,3/5,"May 25, 2015"
548,305,51 WPM,83.4%,N/A,2/2,"May 25, 2015"
549,304,49 WPM,85.0%,N/A,1/4,"May 25, 2015"
550,303,54 WPM,85.7%,N/A,5/5,"May 25, 2015"
551,302,61 WPM,93.7%,N/A,1/4,"May 25, 2015"
552,301,44 WPM,84.6%,N/A,2/3,"May 25, 2015"
553,300,48 WPM,82.1%,N/A,2/3,"May 25, 2015"
554,299,54 WPM,88.5%,N/A,3/4,"May 25, 2015"
555,298,57 WPM,89.4%,N/A,3/4,"May 25, 2015"
556,297,43 WPM,81.0%,N/A,4/5,"May 25, 2015"
557,296,61 WPM,90.4%,N/A,2/4,"May 25, 2015"
558,295,47 WPM,82.9%,N/A,1/4,"May 25, 2015"
559,294,52 WPM,88.6%,N/A,4/5,"May 25, 2015"
560,293,50 WPM,87.2%,N/A,5/5,"May 24, 2015"
561,292,50 WPM,86.1%,N/A,3/5,"May 24, 2015"
562,291,45 WPM,85.8%,N/A,2/2,"May 24, 2015"
563,290,51 WPM,88.3%,N/A,3/5,"May 24, 2015"
564,289,49 WPM,92.3%,N/A,2/5,"May 24, 2015"
565,288,58 WPM,90.5%,N/A,1/3,"May 20, 2015"
566,287,58 WPM,89.8%,N/A,2/4,"May 20, 2015"
567,286,52 WPM,85.8%,N/A,3/3,"May 17, 2015"
568,285,50 WPM,82.4%,N/A,3/3,"May 17, 2015"
569,284,53 WPM,84.5%,N/A,2/3,"May 17, 2015"
570,283,50 WPM,85.6%,N/A,3/5,"May 17, 2015"
571,282,56 WPM,87.3%,N/A,1/2,"May 17, 2015"
572,281,48 WPM,77.9%,N/A,1/2,"May 17, 2015"
573,280,50 WPM,86.2%,N/A,4/5,"May 17, 2015"
574,279,49 WPM,82.1%,N/A,4/5,"May 16, 2015"
575,278,46 WPM,82.3%,N/A,4/4,"May 16, 2015"
576,277,51 WPM,84.2%,N/A,2/3,"May 16, 2015"
577,276,56 WPM,86.4%,N/A,3/3,"May 16, 2015"
578,275,63 WPM,88.5%,N/A,2/2,"May 16, 2015"
579,274,52 WPM,85.3%,N/A,2/2,"May 11, 2015"
580,273,47 WPM,84.5%,N/A,3/4,"May 11, 2015"
581,272,54 WPM,88.1%,N/A,4/4,"May 11, 2015"
582,271,52 WPM,85.1%,N/A,1/4,"May 11, 2015"
583,270,58 WPM,89.5%,N/A,1/5,"May 11, 2015"
584,269,58 WPM,87.5%,N/A,2/5,"May 11, 2015"
585,268,55 WPM,86.9%,N/A,5/5,"May 10, 2015"
586,267,51 WPM,83.8%,N/A,2/3,"May 10, 2015"
587,266,56 WPM,88.4%,N/A,1/3,"May 10, 2015"
588,265,53 WPM,87.3%,N/A,1/3,"May 10, 2015"
589,264,56 WPM,79.6%,N/A,1/2,"May 10, 2015"
590,263,54 WPM,86.1%,N/A,2/2,"May 10, 2015"
591,262,54 WPM,85.6%,N/A,3/3,"May 10, 2015"
592,261,44 WPM,78.9%,N/A,1/3,"May 10, 2015"
593,260,48 WPM,80.7%,N/A,2/3,"May 10, 2015"
594,259,43 WPM,77.6%,N/A,5/5,"May 4, 2015"
595,258,48 WPM,80.9%,N/A,5/5,"May 4, 2015"
596,257,51 WPM,84.0%,N/A,1/3,"May 4, 2015"
597,256,52 WPM,83.9%,N/A,2/5,"May 4, 2015"
598,255,57 WPM,88.4%,N/A,1/3,"May 4, 2015"
599,254,44 WPM,80.0%,N/A,4/4,"May 4, 2015"
600,253,49 WPM,81.9%,N/A,2/3,"May 4, 2015"
601,252,45 WPM,82.6%,N/A,3/5,"May 4, 2015"
602,251,52 WPM,84.1%,N/A,2/3,"May 4, 2015"
603,250,44 WPM,78.2%,N/A,2/3,"May 4, 2015"
604,249,54 WPM,87.7%,N/A,2/3,"May 4, 2015"
605,248,51 WPM,85.5%,N/A,1/3,"May 4, 2015"
606,247,40 WPM,80.3%,N/A,3/3,"May 3, 2015"
607,246,43 WPM,79.6%,N/A,2/2,"May 3, 2015"
608,245,50 WPM,84.9%,N/A,3/5,"May 3, 2015"
609,244,48 WPM,84.5%,N/A,4/4,"May 3, 2015"
610,243,44 WPM,82.3%,N/A,4/5,"May 3, 2015"
611,242,60 WPM,90.1%,N/A,3/5,"May 2, 2015"
612,241,43 WPM,78.7%,N/A,3/3,"May 2, 2015"
613,240,48 WPM,82.0%,N/A,3/3,"April 28, 2015"
614,239,59 WPM,87.6%,N/A,1/3,"April 28, 2015"
615,238,42 WPM,74.0%,N/A,3/4,"April 28, 2015"
616,237,59 WPM,84.0%,N/A,2/2,"April 28, 2015"
617,236,63 WPM,88.6%,N/A,2/3,"April 28, 2015"
618,235,64 WPM,90.4%,N/A,2/5,"April 28, 2015"
619,234,45 WPM,78.7%,N/A,4/5,"April 28, 2015"
620,233,52 WPM,88.6%,N/A,2/3,"April 28, 2015"
621,232,57 WPM,86.6%,N/A,2/3,"April 28, 2015"
622,231,53 WPM,87.1%,N/A,1/5,"April 28, 2015"
623,230,61 WPM,89.0%,N/A,2/2,"April 28, 2015"
624,229,50 WPM,84.3%,N/A,3/4,"April 28, 2015"
625,228,61 WPM,90.2%,N/A,1/5,"April 28, 2015"
626,227,48 WPM,85.1%,N/A,4/4,"April 28, 2015"
627,226,53 WPM,84.5%,N/A,1/4,"April 26, 2015"
628,225,53 WPM,91.5%,N/A,2/3,"April 26, 2015"
629,224,46 WPM,81.3%,N/A,3/3,"April 26, 2015"
630,223,50 WPM,82.3%,N/A,1/2,"April 26, 2015"
631,222,64 WPM,89.7%,N/A,1/2,"April 26, 2015"
632,221,51 WPM,83.6%,N/A,3/3,"April 26, 2015"
633,220,51 WPM,83.5%,N/A,4/5,"April 26, 2015"
634,219,48 WPM,84.3%,N/A,1/2,"April 26, 2015"
635,218,63 WPM,90.9%,N/A,1/4,"April 26, 2015"
636,217,53 WPM,88.2%,N/A,2/5,"April 26, 2015"
637,216,43 WPM,82.1%,N/A,4/5,"April 26, 2015"
638,215,54 WPM,86.7%,N/A,2/3,"April 26, 2015"
639,214,60 WPM,90.4%,N/A,1/2,"April 26, 2015"
640,213,57 WPM,89.6%,N/A,1/4,"April 26, 2015"
641,212,49 WPM,86.5%,N/A,1/4,"April 26, 2015"
642,211,61 WPM,89.8%,N/A,2/3,"April 26, 2015"
643,210,48 WPM,83.0%,N/A,3/3,"April 26, 2015"
644,209,56 WPM,85.5%,N/A,1/2,"April 26, 2015"
645,208,55 WPM,89.2%,N/A,3/5,"April 26, 2015"
646,207,62 WPM,91.0%,N/A,3/4,"April 26, 2015"
647,206,52 WPM,89.3%,N/A,2/3,"April 26, 2015"
648,205,57 WPM,87.7%,N/A,1/3,"April 26, 2015"
649,204,53 WPM,84.9%,N/A,1/4,"April 26, 2015"
650,203,53 WPM,84.9%,N/A,5/5,"April 26, 2015"
651,202,57 WPM,84.1%,N/A,2/5,"April 26, 2015"
652,201,65 WPM,90.3%,N/A,4/4,"April 26, 2015"
653,200,60 WPM,90.4%,N/A,1/4,"April 26, 2015"
654,199,64 WPM,90.7%,N/A,1/3,"April 26, 2015"
655,198,56 WPM,86.6%,N/A,2/5,"April 26, 2015"
656,197,56 WPM,88.1%,N/A,3/4,"April 26, 2015"
657,196,50 WPM,91.7%,N/A,2/4,"April 26, 2015"
658,195,59 WPM,87.2%,N/A,5/5,"April 26, 2015"
659,194,54 WPM,89.2%,N/A,1/2,"April 26, 2015"
660,193,59 WPM,91.8%,N/A,1/3,"April 25, 2015"
661,192,45 WPM,84.6%,N/A,4/4,"April 25, 2015"
662,191,53 WPM,85.9%,N/A,3/3,"April 25, 2015"
663,190,57 WPM,87.7%,N/A,3/4,"April 25, 2015"
664,189,56 WPM,89.3%,N/A,3/4,"April 25, 2015"
665,188,58 WPM,90.2%,N/A,3/4,"April 25, 2015"
666,187,58 WPM,88.8%,N/A,2/5,"April 24, 2015"
667,186,49 WPM,89.8%,N/A,3/3,"April 24, 2015"
668,185,51 WPM,85.3%,N/A,2/4,"April 24, 2015"
669,184,61 WPM,93.4%,N/A,2/3,"April 24, 2015"
670,183,49 WPM,83.0%,N/A,1/3,"April 23, 2015"
671,182,68 WPM,92.0%,N/A,3/5,"April 23, 2015"
672,181,54 WPM,83.7%,N/A,2/5,"April 23, 2015"
673,180,53 WPM,86.9%,N/A,4/4,"April 23, 2015"
674,179,55 WPM,88.2%,N/A,3/4,"April 23, 2015"
675,178,55 WPM,88.4%,N/A,5/5,"April 23, 2015"
676,177,58 WPM,88.9%,N/A,3/5,"April 23, 2015"
677,176,72 WPM,92.5%,N/A,2/4,"April 23, 2015"
678,175,53 WPM,88.2%,N/A,2/3,"April 23, 2015"
679,174,46 WPM,81.1%,N/A,5/5,"April 23, 2015"
680,173,52 WPM,85.9%,N/A,1/3,"April 23, 2015"
681,172,59 WPM,87.3%,N/A,4/5,"April 23, 2015"
682,171,59 WPM,89.7%,N/A,4/5,"April 23, 2015"
683,170,52 WPM,87.4%,N/A,4/4,"April 23, 2015"
684,169,60 WPM,89.1%,N/A,2/4,"April 23, 2015"
685,168,56 WPM,87.4%,N/A,3/4,"April 23, 2015"
686,167,57 WPM,91.3%,N/A,2/5,"April 23, 2015"
687,166,46 WPM,81.2%,N/A,4/5,"April 23, 2015"
688,165,47 WPM,81.1%,N/A,2/3,"April 23, 2015"
689,164,57 WPM,86.8%,N/A,3/5,"April 23, 2015"
690,163,49 WPM,84.9%,N/A,1/4,"April 23, 2015"
691,162,56 WPM,87.7%,N/A,1/3,"April 23, 2015"
692,161,66 WPM,93.3%,N/A,2/5,"April 23, 2015"
693,160,58 WPM,88.4%,N/A,2/4,"April 23, 2015"
694,159,52 WPM,87.5%,N/A,4/4,"April 23, 2015"
695,158,61 WPM,91.5%,N/A,4/5,"April 23, 2015"
696,157,61 WPM,89.6%,N/A,3/4,"April 23, 2015"
697,156,44 WPM,81.3%,N/A,4/5,"April 23, 2015"
698,155,68 WPM,92.9%,N/A,1/3,"April 23, 2015"
699,154,44 WPM,83.0%,N/A,2/4,"April 23, 2015"
700,153,53 WPM,84.8%,N/A,3/3,"April 23, 2015"
701,152,50 WPM,82.6%,N/A,2/2,"April 23, 2015"
702,151,55 WPM,85.5%,N/A,3/4,"April 23, 2015"
703,150,51 WPM,86.7%,N/A,4/4,"April 23, 2015"
704,149,48 WPM,82.0%,N/A,2/3,"April 23, 2015"
705,148,52 WPM,84.8%,N/A,3/3,"April 23, 2015"
706,147,57 WPM,83.4%,N/A,1/2,"April 21, 2015"
707,146,50 WPM,85.4%,N/A,1/4,"April 21, 2015"
708,145,47 WPM,84.4%,N/A,3/5,"April 21, 2015"
709,144,54 WPM,84.8%,N/A,3/5,"April 21, 2015"
710,143,58 WPM,86.8%,N/A,2/3,"April 21, 2015"
711,142,45 WPM,78.6%,N/A,4/5,"April 21, 2015"
712,141,52 WPM,82.5%,N/A,2/2,"April 21, 2015"
713,140,47 WPM,87.3%,N/A,3/5,"April 21, 2015"
714,139,46 WPM,81.7%,N/A,5/5,"April 21, 2015"
715,138,60 WPM,86.1%,N/A,1/3,"April 21, 2015"
716,137,47 WPM,83.7%,N/A,4/4,"April 21, 2015"
717,136,60 WPM,87.1%,N/A,4/5,"April 21, 2015"
718,135,58 WPM,86.1%,N/A,2/3,"April 21, 2015"
719,134,55 WPM,89.4%,N/A,3/5,"April 21, 2015"
720,133,53 WPM,86.6%,N/A,1/5,"April 21, 2015"
721,132,53 WPM,86.1%,N/A,1/2,"April 21, 2015"
722,131,51 WPM,81.7%,N/A,4/5,"April 21, 2015"
723,130,47 WPM,82.5%,N/A,2/3,"April 20, 2015"
724,129,48 WPM,86.8%,N/A,5/5,"April 20, 2015"
725,128,56 WPM,88.7%,N/A,4/5,"April 20, 2015"
726,127,50 WPM,87.1%,N/A,3/4,"April 20, 2015"
727,126,51 WPM,86.7%,N/A,2/5,"April 20, 2015"
728,125,51 WPM,87.2%,N/A,2/5,"April 20, 2015"
729,124,48 WPM,86.2%,N/A,3/3,"April 20, 2015"
730,123,50 WPM,87.7%,N/A,5/5,"April 20, 2015"
731,122,53 WPM,85.8%,N/A,1/5,"April 20, 2015"
732,121,53 WPM,87.9%,N/A,3/5,"April 20, 2015"
733,120,50 WPM,85.8%,N/A,3/5,"April 20, 2015"
734,119,54 WPM,89.2%,N/A,2/3,"April 20, 2015"
735,118,56 WPM,93.1%,N/A,2/5,"April 20, 2015"
736,117,63 WPM,91.2%,N/A,3/5,"April 20, 2015"
737,116,52 WPM,88.8%,N/A,1/3,"April 20, 2015"
738,115,49 WPM,88.9%,N/A,2/5,"April 20, 2015"
739,114,55 WPM,89.5%,N/A,1/3,"April 20, 2015"
740,113,47 WPM,83.0%,N/A,1/3,"April 20, 2015"
741,112,58 WPM,91.6%,N/A,1/2,"April 20, 2015"
742,111,42 WPM,83.6%,N/A,2/4,"April 19, 2015"
743,110,44 WPM,82.8%,N/A,2/3,"April 19, 2015"
744,109,48 WPM,84.5%,N/A,4/5,"April 19, 2015"
745,108,56 WPM,87.0%,N/A,3/3,"April 19, 2015"
746,107,47 WPM,80.3%,N/A,2/5,"April 19, 2015"
747,106,58 WPM,86.2%,N/A,3/4,"April 19, 2015"
748,105,48 WPM,82.7%,N/A,3/5,"April 19, 2015"
749,104,44 WPM,78.8%,N/A,4/4,"April 19, 2015"
750,103,57 WPM,86.7%,N/A,1/4,"April 19, 2015"
751,102,55 WPM,86.9%,N/A,5/5,"April 18, 2015"
752,101,55 WPM,86.7%,N/A,3/4,"April 18, 2015"
753,100,59 WPM,90.5%,N/A,4/5,"April 18, 2015"
754,99,59 WPM,87.1%,N/A,4/4,"April 18, 2015"
755,98,48 WPM,84.5%,N/A,5/5,"April 18, 2015"
756,97,47 WPM,81.9%,N/A,2/3,"April 18, 2015"
757,96,58 WPM,89.2%,N/A,1/2,"April 18, 2015"
758,95,56 WPM,88.3%,N/A,4/5,"April 18, 2015"
759,94,48 WPM,85.8%,N/A,3/3,"April 18, 2015"
760,93,55 WPM,87.2%,N/A,3/4,"April 18, 2015"
761,92,57 WPM,88.7%,N/A,2/5,"April 18, 2015"
762,91,54 WPM,85.9%,N/A,3/5,"April 18, 2015"
763,90,54 WPM,87.5%,N/A,5/5,"April 18, 2015"
764,89,47 WPM,80.8%,N/A,5/5,"April 18, 2015"
765,88,53 WPM,86.7%,N/A,3/4,"April 18, 2015"
766,87,49 WPM,82.3%,N/A,3/5,"April 18, 2015"
767,86,51 WPM,85.4%,N/A,3/4,"April 18, 2015"
768,85,53 WPM,85.9%,N/A,3/5,"April 17, 2015"
769,84,52 WPM,88.3%,N/A,5/5,"April 17, 2015"
770,83,46 WPM,84.3%,N/A,5/5,"April 12, 2015"
771,82,52 WPM,87.6%,N/A,1/5,"April 12, 2015"
772,81,50 WPM,86.1%,N/A,4/4,"April 7, 2015"
773,80,51 WPM,82.9%,N/A,2/3,"April 7, 2015"
774,79,56 WPM,92.1%,N/A,1/3,"April 7, 2015"
775,78,47 WPM,83.4%,N/A,3/5,"April 7, 2015"
776,77,54 WPM,87.6%,N/A,1/3,"April 7, 2015"
777,76,48 WPM,90.7%,N/A,1/3,"April 7, 2015"
778,75,50 WPM,89.7%,N/A,3/5,"April 7, 2015"
779,74,55 WPM,89.1%,N/A,3/4,"April 7, 2015"
780,73,54 WPM,88.2%,N/A,1/3,"April 7, 2015"
781,72,46 WPM,85.6%,N/A,3/4,"April 6, 2015"
782,71,52 WPM,81.9%,N/A,2/2,"April 6, 2015"
783,70,54 WPM,83.0%,N/A,1/5,"April 6, 2015"
784,69,51 WPM,84.6%,N/A,5/5,"April 6, 2015"
785,68,50 WPM,87.3%,N/A,2/2,"April 6, 2015"
786,67,57 WPM,86.8%,N/A,1/4,"April 6, 2015"
787,66,43 WPM,81.3%,N/A,4/5,"April 6, 2015"
788,65,41 WPM,76.3%,N/A,2/2,"April 6, 2015"
789,64,49 WPM,82.2%,N/A,1/3,"April 6, 2015"
790,63,54 WPM,87.3%,N/A,4/5,"April 6, 2015"
791,62,50 WPM,88.4%,N/A,2/3,"April 6, 2015"
792,61,45 WPM,79.7%,N/A,4/4,"April 5, 2015"
793,60,52 WPM,83.5%,N/A,1/5,"April 5, 2015"
794,59,52 WPM,83.0%,N/A,3/5,"April 5, 2015"
795,58,51 WPM,83.6%,N/A,3/5,"April 5, 2015"
796,57,47 WPM,84.2%,N/A,1/2,"April 5, 2015"
797,56,49 WPM,86.2%,N/A,1/4,"April 5, 2015"
798,55,51 WPM,87.3%,N/A,4/5,"April 5, 2015"
799,54,52 WPM,85.8%,N/A,1/3,"April 5, 2015"
800,53,45 WPM,87.5%,N/A,1/3,"April 5, 2015"
801,52,50 WPM,86.4%,N/A,4/4,"April 5, 2015"
802,51,45 WPM,81.4%,N/A,2/4,"April 5, 2015"
803,50,52 WPM,85.5%,N/A,2/3,"April 5, 2015"
804,49,50 WPM,83.8%,N/A,3/5,"April 5, 2015"
805,48,49 WPM,83.7%,N/A,4/5,"April 5, 2015"
806,47,55 WPM,86.5%,N/A,1/3,"April 5, 2015"
807,46,49 WPM,84.7%,N/A,3/5,"April 5, 2015"
808,45,45 WPM,84.3%,N/A,2/5,"April 5, 2015"
809,44,45 WPM,83.2%,N/A,2/2,"April 5, 2015"
810,43,48 WPM,82.6%,N/A,3/4,"April 5, 2015"
811,42,44 WPM,81.9%,N/A,5/5,"April 5, 2015"
812,41,46 WPM,86.1%,N/A,1/2,"April 5, 2015"
813,40,58 WPM,90.7%,N/A,2/4,"April 5, 2015"
814,39,56 WPM,90.1%,N/A,1/4,"April 4, 2015"
815,38,48 WPM,88.4%,N/A,1/2,"April 4, 2015"
816,37,51 WPM,87.4%,N/A,4/4,"April 4, 2015"
817,36,50 WPM,89.4%,N/A,2/3,"April 4, 2015"
818,35,44 WPM,81.3%,N/A,2/4,"April 4, 2015"
819,34,50 WPM,84.9%,N/A,3/4,"April 4, 2015"
820,33,61 WPM,91.3%,N/A,2/5,"April 4, 2015"
821,32,35 WPM,83.3%,N/A,2/4,"April 4, 2015"
822,31,54 WPM,86.8%,N/A,2/3,"April 4, 2015"
823,30,48 WPM,85.0%,N/A,1/2,"April 4, 2015"
824,29,39 WPM,86.8%,N/A,3/5,"April 4, 2015"
825,28,51 WPM,86.5%,N/A,3/4,"April 4, 2015"
826,27,46 WPM,85.1%,N/A,4/4,"April 4, 2015"
827,26,47 WPM,82.4%,N/A,5/5,"April 4, 2015"
828,25,49 WPM,84.4%,N/A,4/5,"April 4, 2015"
829,24,57 WPM,88.4%,N/A,2/3,"April 4, 2015"
830,23,57 WPM,89.0%,N/A,1/4,"April 4, 2015"
831,22,51 WPM,87.1%,N/A,1/3,"April 4, 2015"
832,21,51 WPM,87.6%,N/A,2/3,"April 4, 2015"
833,20,45 WPM,83.0%,N/A,2/4,"April 4, 2015"
834,19,57 WPM,90.7%,N/A,2/3,"April 4, 2015"
835,18,44 WPM,81.7%,N/A,4/4,"Feb. 22, 2015"
836,17,47 WPM,88.5%,N/A,1/4,"Feb. 22, 2015"
837,16,44 WPM,82.0%,N/A,4/5,"Feb. 22, 2015"
838,15,43 WPM,81.9%,N/A,3/4,"Feb. 22, 2015"
839,14,46 WPM,85.0%,N/A,2/3,"Feb. 22, 2015"
840,13,53 WPM,89.4%,N/A,2/3,"Feb. 22, 2015"
841,12,44 WPM,85.8%,N/A,4/5,"Jan. 12, 2015"
842,11,48 WPM,88.0%,N/A,3/3,"Jan. 12, 2015"
843,10,47 WPM,89.1%,N/A,2/3,"Jan. 12, 2015"
844,9,47 WPM,87.9%,N/A,2/5,"Jan. 12, 2015"
845,8,48 WPM,88.0%,N/A,3/3,"Jan. 12, 2015"
846,7,43 WPM,83.7%,N/A,1/2,"Jan. 12, 2015"
847,6,48 WPM,85.8%,N/A,1/4,"Jan. 12, 2015"
848,5,44 WPM,83.7%,N/A,5/5,"Jan. 12, 2015"
849,4,46 WPM,82.2%,N/A,4/5,"Jan. 12, 2015"
850,3,44 WPM,85.9%,N/A,3/3,"Jan. 12, 2015"
851,2,49 WPM,85.5%,N/A,2/2,"Jan. 12, 2015"
852,1,58 WPM,93.4%,N/A,2/4,"Jan. 12, 2015"
